Series Name,Country Name,1990,2020
Total greenhouse gas emissions (kt of CO2 equivalent),Afghanistan,11630.79506,31119.04539
Total greenhouse gas emissions (kt of CO2 equivalent),Albania,11181.07427,8304.29494
Total greenhouse gas emissions (kt of CO2 equivalent),Algeria,122219.4894,266702.6795
Total greenhouse gas emissions (kt of CO2 equivalent),American Samoa,..,..
Total greenhouse gas emissions (kt of CO2 equivalent),Andorra,430.703269,577.573639
Total greenhouse gas emissions (kt of CO2 equivalent),Angola,43185.60921,70781.0562
Total greenhouse gas emissions (kt of CO2 equivalent),Antigua and Barbuda,358.408496,1203.631334
Total greenhouse gas emissions (kt of CO2 equivalent),Argentina,249188.7612,361433.0173
Total greenhouse gas emissions (kt of CO2 equivalent),Armenia,24389.02825,10422.04117
Total greenhouse gas emissions (kt of CO2 equivalent),Aruba,..,..
Total greenhouse gas emissions (kt of CO2 equivalent),Australia,490531.2507,571903.1199
Total greenhouse gas emissions (kt of CO2 equivalent),Austria,76630.27662,71017.8287
Total greenhouse gas emissions (kt of CO2 equivalent),Azerbaijan,75481.47959,55351.99383
Total greenhouse gas emissions (kt of CO2 equivalent),"Bahamas, The",2183.995157,2801.144379
Total greenhouse gas emissions (kt of CO2 equivalent),Bahrain,15950.83482,54151.41004
Total greenhouse gas emissions (kt of CO2 equivalent),Bangladesh,91841.25556,206570.3527
Total greenhouse gas emissions (kt of CO2 equivalent),Barbados,3128.995934,3656.467698
Total greenhouse gas emissions (kt of CO2 equivalent),Belarus,142017.9433,87868.32147
Total greenhouse gas emissions (kt of CO2 equivalent),Belgium,130784.8565,100063.4878
Total greenhouse gas emissions (kt of CO2 equivalent),Belize,6521.858891,1573.319685
Total greenhouse gas emissions (kt of CO2 equivalent),Benin,4047.791367,16190.53196
Total greenhouse gas emissions (kt of CO2 equivalent),Bermuda,..,..
Total greenhouse gas emissions (kt of CO2 equivalent),Bhutan,862.080394,1630.8557
Total greenhouse gas emissions (kt of CO2 equivalent),Bolivia,30871.86234,55203.08943
Total greenhouse gas emissions (kt of CO2 equivalent),Bosnia and Herzegovina,30258.58061,26053.3501
Total greenhouse gas emissions (kt of CO2 equivalent),Botswana,12787.36293,12374.76398
Total greenhouse gas emissions (kt of CO2 equivalent),Brazil,592496.8304,1064709.126
Total greenhouse gas emissions (kt of CO2 equivalent),British Virgin Islands,..,..
Total greenhouse gas emissions (kt of CO2 equivalent),Brunei Darussalam,4729.264158,11914.03262
Total greenhouse gas emissions (kt of CO2 equivalent),Bulgaria,98303.01841,46492.85461
Total greenhouse gas emissions (kt of CO2 equivalent),Burkina Faso,11113.27877,32262.81629
Total greenhouse gas emissions (kt of CO2 equivalent),Burundi,1507.640349,4102.678292
Total greenhouse gas emissions (kt of CO2 equivalent),Cabo Verde,312.412261,791.61071
Total greenhouse gas emissions (kt of CO2 equivalent),Cambodia,16129.67076,42363.17878
Total greenhouse gas emissions (kt of CO2 equivalent),Cameroon,22792.04228,93348.64392
Total greenhouse gas emissions (kt of CO2 equivalent),Canada,543049.4519,677709.2227
Total greenhouse gas emissions (kt of CO2 equivalent),Cayman Islands,..,..
Total greenhouse gas emissions (kt of CO2 equivalent),Central African Republic,16649.89732,21016.37573
Total greenhouse gas emissions (kt of CO2 equivalent),Chad,14595.47821,89558.45681
Total greenhouse gas emissions (kt of CO2 equivalent),Channel Islands,..,..
Total greenhouse gas emissions (kt of CO2 equivalent),Chile,45415.91931,106722.3342
Total greenhouse gas emissions (kt of CO2 equivalent),China,3238858.656,12942868.34
Total greenhouse gas emissions (kt of CO2 equivalent),Colombia,124703.6395,186999.3355
Total greenhouse gas emissions (kt of CO2 equivalent),Comoros,258.076718,619.946774
Total greenhouse gas emissions (kt of CO2 equivalent),"Congo, Dem. Rep.",38391.29991,56120.40776
Total greenhouse gas emissions (kt of CO2 equivalent),"Congo, Rep.",10143.19831,19421.77959
Total greenhouse gas emissions (kt of CO2 equivalent),Costa Rica,8492.885741,14405.0866
Total greenhouse gas emissions (kt of CO2 equivalent),Cote d'Ivoire,9027.642098,26412.28115
Total greenhouse gas emissions (kt of CO2 equivalent),Croatia,28569.6077,21379.32606
Total greenhouse gas emissions (kt of CO2 equivalent),Cuba,54701.05486,38558.67367
Total greenhouse gas emissions (kt of CO2 equivalent),Curacao,..,..
Total greenhouse gas emissions (kt of CO2 equivalent),Cyprus,5440.329468,8109.206812
Total greenhouse gas emissions (kt of CO2 equivalent),Czechia,184942.4971,108308.4176
Total greenhouse gas emissions (kt of CO2 equivalent),Denmark,69121.51836,41135.55451
Total greenhouse gas emissions (kt of CO2 equivalent),Djibouti,912.456036,1394.763044
Total greenhouse gas emissions (kt of CO2 equivalent),Dominica,189.257789,230.526372
Total greenhouse gas emissions (kt of CO2 equivalent),Dominican Republic,15759.75316,37052.66519
Total greenhouse gas emissions (kt of CO2 equivalent),Ecuador,37539.07263,68056.47202
Total greenhouse gas emissions (kt of CO2 equivalent),"Egypt, Arab Rep.",138196.7387,299778.6515
Total greenhouse gas emissions (kt of CO2 equivalent),El Salvador,6857.134022,11063.80963
Total greenhouse gas emissions (kt of CO2 equivalent),Equatorial Guinea,179.349286,9542.961347
Total greenhouse gas emissions (kt of CO2 equivalent),Eritrea,3678.342635,6242.48957
Total greenhouse gas emissions (kt of CO2 equivalent),Estonia,39142.67466,10198.8019
Total greenhouse gas emissions (kt of CO2 equivalent),Eswatini,2831.398118,3000.932259
Total greenhouse gas emissions (kt of CO2 equivalent),Ethiopia,66869.2446,167300.0199
Total greenhouse gas emissions (kt of CO2 equivalent),Faroe Islands,..,..
Total greenhouse gas emissions (kt of CO2 equivalent),Fiji,1727.324622,1764.367631
Total greenhouse gas emissions (kt of CO2 equivalent),Finland,70363.50265,47740.49323
Total greenhouse gas emissions (kt of CO2 equivalent),France,496236.894,376006.2454
Total greenhouse gas emissions (kt of CO2 equivalent),French Polynesia,..,..
Total greenhouse gas emissions (kt of CO2 equivalent),Gabon,12620.26561,14849.25845
Total greenhouse gas emissions (kt of CO2 equivalent),"Gambia, The",4274.708319,2453.329037
Total greenhouse gas emissions (kt of CO2 equivalent),Georgia,49720.01718,17669.44862
Total greenhouse gas emissions (kt of CO2 equivalent),Germany,1129742.508,692750.7552
Total greenhouse gas emissions (kt of CO2 equivalent),Ghana,11517.41337,39070.28751
Total greenhouse gas emissions (kt of CO2 equivalent),Gibraltar,..,..
Total greenhouse gas emissions (kt of CO2 equivalent),Greece,95288.73758,69283.30669
Total greenhouse gas emissions (kt of CO2 equivalent),Greenland,..,..
Total greenhouse gas emissions (kt of CO2 equivalent),Grenada,1843.497447,2397.288523
Total greenhouse gas emissions (kt of CO2 equivalent),Guam,..,..
Total greenhouse gas emissions (kt of CO2 equivalent),Guatemala,11294.17401,33165.68015
Total greenhouse gas emissions (kt of CO2 equivalent),Guinea,8284.744216,29745.6922
Total greenhouse gas emissions (kt of CO2 equivalent),Guinea-Bissau,1407.375898,2546.519289
Total greenhouse gas emissions (kt of CO2 equivalent),Guyana,2291.315889,5282.035926
Total greenhouse gas emissions (kt of CO2 equivalent),Haiti,5331.60407,10267.23377
Total greenhouse gas emissions (kt of CO2 equivalent),Honduras,11334.65097,21147.29453
Total greenhouse gas emissions (kt of CO2 equivalent),"Hong Kong SAR, China",..,..
Total greenhouse gas emissions (kt of CO2 equivalent),Hungary,89525.12001,59596.52966
Total greenhouse gas emissions (kt of CO2 equivalent),Iceland,3347.741125,2653.430657
Total greenhouse gas emissions (kt of CO2 equivalent),India,1237962.799,3200820.626
Total greenhouse gas emissions (kt of CO2 equivalent),Indonesia,468362.6054,976487.6772
Total greenhouse gas emissions (kt of CO2 equivalent),"Iran, Islamic Rep.",320858.7007,844649.4679
Total greenhouse gas emissions (kt of CO2 equivalent),Iraq,103704.0345,261289.5283
Total greenhouse gas emissions (kt of CO2 equivalent),Ireland,56752.35957,59497.73471
Total greenhouse gas emissions (kt of CO2 equivalent),Isle of Man,..,..
Total greenhouse gas emissions (kt of CO2 equivalent),Israel,44103.52689,83664.06603
Total greenhouse gas emissions (kt of CO2 equivalent),Italy,483327.0481,352128.8891
Total greenhouse gas emissions (kt of CO2 equivalent),Jamaica,8991.10227,7432.636336
Total greenhouse gas emissions (kt of CO2 equivalent),Japan,1181858.796,1094556.256
Total greenhouse gas emissions (kt of CO2 equivalent),Jordan,18609.45169,33146.35261
Total greenhouse gas emissions (kt of CO2 equivalent),Kazakhstan,298754.678,294805.9457
Total greenhouse gas emissions (kt of CO2 equivalent),Kenya,35102.28384,80188.01667
Total greenhouse gas emissions (kt of CO2 equivalent),Kiribati,40.071883,88.571671
Total greenhouse gas emissions (kt of CO2 equivalent),"Korea, Dem. People's Rep.",154776.867,76079.90868
Total greenhouse gas emissions (kt of CO2 equivalent),"Korea, Rep.",280644.328,659329.6994
Total greenhouse gas emissions (kt of CO2 equivalent),Kosovo,..,..
Total greenhouse gas emissions (kt of CO2 equivalent),Kuwait,39339.36468,135896.7903
Total greenhouse gas emissions (kt of CO2 equivalent),Kyrgyz Republic,32425.55016,16093.54198
Total greenhouse gas emissions (kt of CO2 equivalent),Lao PDR,6798.521481,30491.44478
Total greenhouse gas emissions (kt of CO2 equivalent),Latvia,25763.45465,11436.59559
Total greenhouse gas emissions (kt of CO2 equivalent),Lebanon,7272.535427,28947.43775
Total greenhouse gas emissions (kt of CO2 equivalent),Lesotho,2968.466485,4013.753971
Total greenhouse gas emissions (kt of CO2 equivalent),Liberia,842.896991,2155.394887
Total greenhouse gas emissions (kt of CO2 equivalent),Libya,80127.40463,75370.28088
Total greenhouse gas emissions (kt of CO2 equivalent),Liechtenstein,201.879109,157.560064
Total greenhouse gas emissions (kt of CO2 equivalent),Lithuania,46012.59207,19784.73208
Total greenhouse gas emissions (kt of CO2 equivalent),Luxembourg,12192.61792,8813.977022
Total greenhouse gas emissions (kt of CO2 equivalent),"Macao SAR, China",..,..
Total greenhouse gas emissions (kt of CO2 equivalent),Madagascar,25036.83837,30566.42841
Total greenhouse gas emissions (kt of CO2 equivalent),Malawi,3264.095627,11982.42756
Total greenhouse gas emissions (kt of CO2 equivalent),Malaysia,79483.01156,302088.6631
Total greenhouse gas emissions (kt of CO2 equivalent),Maldives,202.690508,1994.511834
Total greenhouse gas emissions (kt of CO2 equivalent),Mali,15402.27391,43491.51296
Total greenhouse gas emissions (kt of CO2 equivalent),Malta,2527.656934,2082.169141
Total greenhouse gas emissions (kt of CO2 equivalent),Marshall Islands,25.086394,164.923162
Total greenhouse gas emissions (kt of CO2 equivalent),Mauritania,6580.528913,14056.36818
Total greenhouse gas emissions (kt of CO2 equivalent),Mauritius,2304.87263,6435.739403
Total greenhouse gas emissions (kt of CO2 equivalent),Mexico,409784.5411,592321.1717
Total greenhouse gas emissions (kt of CO2 equivalent),"Micronesia, Fed. Sts.",7.616981,194.111345
Total greenhouse gas emissions (kt of CO2 equivalent),Moldova,38140.30415,12985.65753
Total greenhouse gas emissions (kt of CO2 equivalent),Monaco,..,..
Total greenhouse gas emissions (kt of CO2 equivalent),Mongolia,30683.80087,53921.45499
Total greenhouse gas emissions (kt of CO2 equivalent),Montenegro,4487.55672,3764.437423
Total greenhouse gas emissions (kt of CO2 equivalent),Morocco,36790.4989,88027.79761
Total greenhouse gas emissions (kt of CO2 equivalent),Mozambique,18384.20243,33749.36732
Total greenhouse gas emissions (kt of CO2 equivalent),Myanmar,54226.40894,128949.3985
Total greenhouse gas emissions (kt of CO2 equivalent),Namibia,..,13560.37867
Total greenhouse gas emissions (kt of CO2 equivalent),Nauru,130.235058,47.328063
Total greenhouse gas emissions (kt of CO2 equivalent),Nepal,21188.03518,45868.55644
Total greenhouse gas emissions (kt of CO2 equivalent),Netherlands,205817.5754,155912.4883
Total greenhouse gas emissions (kt of CO2 equivalent),New Caledonia,..,..
Total greenhouse gas emissions (kt of CO2 equivalent),New Zealand,71127.95079,80158.02583
Total greenhouse gas emissions (kt of CO2 equivalent),Nicaragua,9508.018498,18448.51145
Total greenhouse gas emissions (kt of CO2 equivalent),Niger,12825.53035,44795.82741
Total greenhouse gas emissions (kt of CO2 equivalent),Nigeria,233668.5778,322336.5011
Total greenhouse gas emissions (kt of CO2 equivalent),North Macedonia,13899.89975,9768.859944
Total greenhouse gas emissions (kt of CO2 equivalent),Northern Mariana Islands,..,..
Total greenhouse gas emissions (kt of CO2 equivalent),Norway,46087.62826,46116.8172
Total greenhouse gas emissions (kt of CO2 equivalent),Oman,20177.7082,95082.40834
Total greenhouse gas emissions (kt of CO2 equivalent),Pakistan,160495.1617,436608.9225
Total greenhouse gas emissions (kt of CO2 equivalent),Palau,12.622286,195.78888
Total greenhouse gas emissions (kt of CO2 equivalent),Panama,7768.88704,17231.02452
Total greenhouse gas emissions (kt of CO2 equivalent),Papua New Guinea,6317.489165,18397.91713
Total greenhouse gas emissions (kt of CO2 equivalent),Paraguay,32392.98337,50784.02825
Total greenhouse gas emissions (kt of CO2 equivalent),Peru,44386.14919,89865.35382
Total greenhouse gas emissions (kt of CO2 equivalent),Philippines,95359.11071,224971.7625
Total greenhouse gas emissions (kt of CO2 equivalent),Poland,422343.8952,338383.8449
Total greenhouse gas emissions (kt of CO2 equivalent),Portugal,56208.04725,55640.70734
Total greenhouse gas emissions (kt of CO2 equivalent),Puerto Rico,..,..
Total greenhouse gas emissions (kt of CO2 equivalent),Qatar,16237.32718,119605.3672
Total greenhouse gas emissions (kt of CO2 equivalent),Romania,223413.9697,95744.39542
Total greenhouse gas emissions (kt of CO2 equivalent),Russian Federation,2969778.402,2331479.378
Total greenhouse gas emissions (kt of CO2 equivalent),Rwanda,2744.880746,6329.924675
Total greenhouse gas emissions (kt of CO2 equivalent),Samoa,332.043347,538.887695
Total greenhouse gas emissions (kt of CO2 equivalent),San Marino,..,..
Total greenhouse gas emissions (kt of CO2 equivalent),Sao Tome and Principe,60.176025,179.72515
Total greenhouse gas emissions (kt of CO2 equivalent),Saudi Arabia,239708.4155,712585.402
Total greenhouse gas emissions (kt of CO2 equivalent),Senegal,12410.99743,30293.27863
Total greenhouse gas emissions (kt of CO2 equivalent),Serbia,82471.42823,62883.94612
Total greenhouse gas emissions (kt of CO2 equivalent),Seychelles,218.390392,770.061638
Total greenhouse gas emissions (kt of CO2 equivalent),Sierra Leone,3103.884924,5952.4739
Total greenhouse gas emissions (kt of CO2 equivalent),Singapore,30891.22276,64266.74268
Total greenhouse gas emissions (kt of CO2 equivalent),Sint Maarten (Dutch part),..,..
Total greenhouse gas emissions (kt of CO2 equivalent),Slovak Republic,66676.29942,35984.33182
Total greenhouse gas emissions (kt of CO2 equivalent),Slovenia,17299.0812,15286.67677
Total greenhouse gas emissions (kt of CO2 equivalent),Solomon Islands,382.923627,835.240357
Total greenhouse gas emissions (kt of CO2 equivalent),Somalia,24533.67538,26272.10205
Total greenhouse gas emissions (kt of CO2 equivalent),South Africa,327848.562,501520.8805
Total greenhouse gas emissions (kt of CO2 equivalent),South Sudan,27694.53952,56051.36036
Total greenhouse gas emissions (kt of CO2 equivalent),Spain,275616.0461,270310.9717
Total greenhouse gas emissions (kt of CO2 equivalent),Sri Lanka,23708.9147,35117.25456
Total greenhouse gas emissions (kt of CO2 equivalent),St. Kitts and Nevis,187.607755,334.464112
Total greenhouse gas emissions (kt of CO2 equivalent),St. Lucia,905.518408,850.806942
Total greenhouse gas emissions (kt of CO2 equivalent),St. Martin (French part),..,..
Total greenhouse gas emissions (kt of CO2 equivalent),St. Vincent and the Grenadines,155.883758,302.420156
Total greenhouse gas emissions (kt of CO2 equivalent),Sudan,48809.26411,107114.2127
Total greenhouse gas emissions (kt of CO2 equivalent),Suriname,2816.594522,4312.425111
Total greenhouse gas emissions (kt of CO2 equivalent),Sweden,68991.81954,45458.82211
Total greenhouse gas emissions (kt of CO2 equivalent),Switzerland,52841.49768,43987.63547
Total greenhouse gas emissions (kt of CO2 equivalent),Syrian Arab Republic,71150.6085,47112.47483
Total greenhouse gas emissions (kt of CO2 equivalent),Tajikistan,17818.96324,17692.28592
Total greenhouse gas emissions (kt of CO2 equivalent),Tanzania,39162.98575,89255.44823
Total greenhouse gas emissions (kt of CO2 equivalent),Thailand,157976.9157,433773.458
Total greenhouse gas emissions (kt of CO2 equivalent),Timor-Leste,446.655,5537.128706
Total greenhouse gas emissions (kt of CO2 equivalent),Togo,3542.386398,8395.488807
Total greenhouse gas emissions (kt of CO2 equivalent),Tonga,253.824054,268.338502
Total greenhouse gas emissions (kt of CO2 equivalent),Trinidad and Tobago,20630.57438,26480.71295
Total greenhouse gas emissions (kt of CO2 equivalent),Tunisia,21698.98866,40882.99745
Total greenhouse gas emissions (kt of CO2 equivalent),Turkiye,205436.3401,504956.3259
Total greenhouse gas emissions (kt of CO2 equivalent),Turkmenistan,153459.0073,194091.8305
Total greenhouse gas emissions (kt of CO2 equivalent),Turks and Caicos Islands,..,..
Total greenhouse gas emissions (kt of CO2 equivalent),Tuvalu,16.955085,21.742689
Total greenhouse gas emissions (kt of CO2 equivalent),Uganda,13173.18294,39280.05175
Total greenhouse gas emissions (kt of CO2 equivalent),Ukraine,825869.7083,227341.5857
Total greenhouse gas emissions (kt of CO2 equivalent),United Arab Emirates,78601.83891,249927.7494
Total greenhouse gas emissions (kt of CO2 equivalent),United Kingdom,749506.1766,398323.6546
Total greenhouse gas emissions (kt of CO2 equivalent),United States,5855541.47,5505180.89
Total greenhouse gas emissions (kt of CO2 equivalent),Uruguay,28636.01992,35994.19321
Total greenhouse gas emissions (kt of CO2 equivalent),Uzbekistan,168028.2002,187520.3945
Total greenhouse gas emissions (kt of CO2 equivalent),Vanuatu,481.674125,588.659649
Total greenhouse gas emissions (kt of CO2 equivalent),"Venezuela, RB",291512.1715,194259.7019
Total greenhouse gas emissions (kt of CO2 equivalent),Viet Nam,73263.51694,470578.1002
Total greenhouse gas emissions (kt of CO2 equivalent),Virgin Islands (U.S.),..,..
Total greenhouse gas emissions (kt of CO2 equivalent),West Bank and Gaza,..,..
Total greenhouse gas emissions (kt of CO2 equivalent),"Yemen, Rep.",16874.58611,24391.15073
Total greenhouse gas emissions (kt of CO2 equivalent),Zambia,25447.64215,36107.82044
Total greenhouse gas emissions (kt of CO2 equivalent),Zimbabwe,31983.42118,25988.12599
GDP per capita (current US$),Afghanistan,..,512.0550982
GDP per capita (current US$),Albania,617.2304355,5343.037704
GDP per capita (current US$),Algeria,2431.55136,3354.153164
GDP per capita (current US$),American Samoa,..,15609.77722
GDP per capita (current US$),Andorra,19208.67838,37207.23887
GDP per capita (current US$),Angola,949.9213555,1450.905112
GDP per capita (current US$),Antigua and Barbuda,7255.406303,15224.85859
GDP per capita (current US$),Argentina,4330.968191,8500.837939
GDP per capita (current US$),Armenia,634.5673276,4505.867742
GDP per capita (current US$),Aruba,11638.73371,24008.12782
GDP per capita (current US$),Australia,18248.94071,51868.24756
GDP per capita (current US$),Austria,21680.98962,48789.49785
GDP per capita (current US$),Azerbaijan,1238.271893,4229.910649
GDP per capita (current US$),"Bahamas, The",11696.51137,23998.26802
GDP per capita (current US$),Bahrain,8174.797232,23433.18724
GDP per capita (current US$),Bangladesh,294.9046524,2233.305901
GDP per capita (current US$),Barbados,7772.808757,16882.50152
GDP per capita (current US$),Belarus,..,6542.86454
GDP per capita (current US$),Belgium,20600.37528,45609.00349
GDP per capita (current US$),Belize,2988.60482,5185.15807
GDP per capita (current US$),Benin,381.8050563,1240.733155
GDP per capita (current US$),Bermuda,26841.51974,107791.8864
GDP per capita (current US$),Bhutan,515.2997216,3181.339747
GDP per capita (current US$),Bolivia,685.9427177,3068.812555
GDP per capita (current US$),Bosnia and Herzegovina,..,6095.104237
GDP per capita (current US$),Botswana,2825.724781,5875.070606
GDP per capita (current US$),Brazil,3065.242357,6923.699912
GDP per capita (current US$),British Virgin Islands,..,..
GDP per capita (current US$),Brunei Darussalam,13440.66929,27179.35289
GDP per capita (current US$),Bulgaria,2366.529821,10148.3424
GDP per capita (current US$),Burkina Faso,339.6318225,823.5524109
GDP per capita (current US$),Burundi,206.4449283,216.8274175
GDP per capita (current US$),Cabo Verde,841.8050176,3126.399859
GDP per capita (current US$),Cambodia,..,1577.91174
GDP per capita (current US$),Cameroon,1077.333545,1539.130545
GDP per capita (current US$),Canada,21525.86114,43349.67786
GDP per capita (current US$),Cayman Islands,..,83897.50544
GDP per capita (current US$),Central African Republic,512.850879,435.4692478
GDP per capita (current US$),Chad,298.3670792,643.7722157
GDP per capita (current US$),Channel Islands,..,57339.52687
GDP per capita (current US$),Chile,2483.560862,13173.78479
GDP per capita (current US$),China,347.5783659,10408.71955
GDP per capita (current US$),Colombia,1467.547436,5304.289129
GDP per capita (current US$),Comoros,996.5280531,1519.58678
GDP per capita (current US$),"Congo, Dem. Rep.",259.237092,524.6666862
GDP per capita (current US$),"Congo, Rep.",1173.264436,2011.269479
GDP per capita (current US$),Costa Rica,1808.495959,12179.25667
GDP per capita (current US$),Cote d'Ivoire,906.4115132,2349.069882
GDP per capita (current US$),Croatia,..,14269.90885
GDP per capita (current US$),Cuba,2695.614865,9499.572504
GDP per capita (current US$),Curacao,..,16356.09333
GDP per capita (current US$),Cyprus,9641.575195,28281.42578
GDP per capita (current US$),Czechia,3941.503094,22992.87938
GDP per capita (current US$),Denmark,26891.44645,60836.59241
GDP per capita (current US$),Djibouti,783.6958542,2921.738706
GDP per capita (current US$),Dominica,2899.060601,7003.469891
GDP per capita (current US$),Dominican Republic,992.2389642,7167.914974
GDP per capita (current US$),Ecuador,1458.326346,5645.19929
GDP per capita (current US$),"Egypt, Arab Rep.",751.1874902,3571.556907
GDP per capita (current US$),El Salvador,897.5929821,3961.726633
GDP per capita (current US$),Equatorial Guinea,240.832676,6198.942524
GDP per capita (current US$),Eritrea,..,..
GDP per capita (current US$),Estonia,..,23595.24368
GDP per capita (current US$),Eswatini,1305.24553,3372.90461
GDP per capita (current US$),Ethiopia,254.2952546,918.6525941
GDP per capita (current US$),Faroe Islands,20236.42893,62234.96868
GDP per capita (current US$),Fiji,1713.180631,4815.689148
GDP per capita (current US$),Finland,28364.64508,49169.71934
GDP per capita (current US$),France,21865.55525,39179.74426
GDP per capita (current US$),French Polynesia,15728.7188,19185.69777
GDP per capita (current US$),Gabon,6055.060247,6680.082665
GDP per capita (current US$),"Gambia, The",304.707688,704.0304628
GDP per capita (current US$),Georgia,1561.849229,4255.742993
GDP per capita (current US$),Germany,22303.96133,46749.47623
GDP per capita (current US$),Ghana,381.2464191,2176.576218
GDP per capita (current US$),Gibraltar,..,..
GDP per capita (current US$),Greece,9600.185235,17617.29151
GDP per capita (current US$),Greenland,18326.9295,54693.07668
GDP per capita (current US$),Grenada,2807.745444,8437.536782
GDP per capita (current US$),Guam,..,34780.86166
GDP per capita (current US$),Guatemala,845.3148767,4609.897258
GDP per capita (current US$),Guinea,419.6868059,1073.659339
GDP per capita (current US$),Guinea-Bissau,250.5898464,710.258133
GDP per capita (current US$),Guyana,530.8175214,6863.074346
GDP per capita (current US$),Haiti,447.0962904,1283.141228
GDP per capita (current US$),Honduras,974.2294838,2354.121434
GDP per capita (current US$),"Hong Kong SAR, China",13485.63145,46109.22999
GDP per capita (current US$),Hungary,..,16125.60941
GDP per capita (current US$),Iceland,25384.91502,58848.41812
GDP per capita (current US$),India,368.7497594,1913.219733
GDP per capita (current US$),Indonesia,582.6789677,3895.618152
GDP per capita (current US$),"Iran, Islamic Rep.",2237.052261,2746.419483
GDP per capita (current US$),Iraq,10216.56881,4251.337253
GDP per capita (current US$),Ireland,14031.30257,85973.08849
GDP per capita (current US$),Isle of Man,..,79530.60548
GDP per capita (current US$),Israel,..,44846.7916
GDP per capita (current US$),Italy,20825.78422,31922.91916
GDP per capita (current US$),Jamaica,1919.795357,4897.26475
GDP per capita (current US$),Japan,25801.39504,39986.92863
GDP per capita (current US$),Jordan,1195.225836,3998.673138
GDP per capita (current US$),Kazakhstan,1647.41964,9121.636409
GDP per capita (current US$),Kenya,370.1001417,1936.250755
GDP per capita (current US$),Kiribati,571.4990747,1403.993853
GDP per capita (current US$),"Korea, Dem. People's Rep.",..,..
GDP per capita (current US$),"Korea, Rep.",6609.997283,31721.29891
GDP per capita (current US$),Kosovo,..,4310.934002
GDP per capita (current US$),Kuwait,11002.06562,24297.7108
GDP per capita (current US$),Kyrgyz Republic,609.1728912,1256.929226
GDP per capita (current US$),Lao PDR,200.6191481,2593.355097
GDP per capita (current US$),Latvia,..,18096.20271
GDP per capita (current US$),Lebanon,789.8503921,5599.957523
GDP per capita (current US$),Lesotho,331.5237678,917.3563813
GDP per capita (current US$),Liberia,..,597.5296919
GDP per capita (current US$),Libya,6821.874017,7034.658364
GDP per capita (current US$),Liechtenstein,49418.01552,165287.1868
GDP per capita (current US$),Lithuania,..,20381.85578
GDP per capita (current US$),Luxembourg,33465.47821,116905.3704
GDP per capita (current US$),"Macao SAR, China",9269.648637,37474.73459
GDP per capita (current US$),Madagascar,330.8435257,462.4042288
GDP per capita (current US$),Malawi,286.9165596,622.1845913
GDP per capita (current US$),Malaysia,2513.241395,10164.34443
GDP per capita (current US$),Maldives,955.9336667,7216.816371
GDP per capita (current US$),Mali,299.8216158,822.9061368
GDP per capita (current US$),Malta,7191.923603,29597.63616
GDP per capita (current US$),Marshall Islands,1704.258692,5545.600267
GDP per capita (current US$),Mauritania,751.1934824,1836.292411
GDP per capita (current US$),Mauritius,2506.184877,9011.042884
GDP per capita (current US$),Mexico,3196.920061,8894.89065
GDP per capita (current US$),"Micronesia, Fed. Sts.",1492.855187,3639.412699
GDP per capita (current US$),Moldova,..,4376.242493
GDP per capita (current US$),Monaco,81813.01979,182537.3874
GDP per capita (current US$),Mongolia,1184.762914,4041.174146
GDP per capita (current US$),Montenegro,..,7677.371321
GDP per capita (current US$),Morocco,1219.424438,3258.269043
GDP per capita (current US$),Mozambique,..,456.581929
GDP per capita (current US$),Myanmar,52.74855566,1479.613689
GDP per capita (current US$),Namibia,2037.910472,4252.04172
GDP per capita (current US$),Nauru,..,10124.70062
GDP per capita (current US$),Nepal,184.9236477,1139.189892
GDP per capita (current US$),Netherlands,21290.86038,52162.57012
GDP per capita (current US$),New Caledonia,14800.79125,34877.63563
GDP per capita (current US$),New Zealand,13663.02162,41760.59478
GDP per capita (current US$),Nicaragua,238.7650098,1876.607378
GDP per capita (current US$),Niger,419.6038954,564.8416623
GDP per capita (current US$),Nigeria,567.5179022,2074.613747
GDP per capita (current US$),North Macedonia,2299.044329,5965.450232
GDP per capita (current US$),Northern Mariana Islands,..,17302.92214
GDP per capita (current US$),Norway,28242.9814,68340.0181
GDP per capita (current US$),Oman,6475.41707,16707.62301
GDP per capita (current US$),Pakistan,346.6685155,1322.314785
GDP per capita (current US$),Palau,..,14349.31682
GDP per capita (current US$),Panama,2626.14328,13293.3332
GDP per capita (current US$),Papua New Guinea,833.0536633,2446.084687
GDP per capita (current US$),Paraguay,1431.8392,5353.348065
GDP per capita (current US$),Peru,1194.548315,6063.626923
GDP per capita (current US$),Philippines,820.4871803,3224.422811
GDP per capita (current US$),Poland,1731.209509,15816.8204
GDP per capita (current US$),Portugal,7884.617988,22242.40642
GDP per capita (current US$),Puerto Rico,8652.507492,31427.42911
GDP per capita (current US$),Qatar,16664.83143,52315.66008
GDP per capita (current US$),Romania,1648.48523,13047.45666
GDP per capita (current US$),Russian Federation,3494.062988,10194.44141
GDP per capita (current US$),Rwanda,348.3878303,773.7732609
GDP per capita (current US$),Samoa,747.7808483,4042.722752
GDP per capita (current US$),San Marino,..,45321.48922
GDP per capita (current US$),Sao Tome and Principe,..,2155.265868
GDP per capita (current US$),Saudi Arabia,7349.703435,20398.06099
GDP per capita (current US$),Senegal,980.7545621,1492.475903
GDP per capita (current US$),Serbia,..,7733.803469
GDP per capita (current US$),Seychelles,5642.072897,12020.02106
GDP per capita (current US$),Sierra Leone,150.1932538,493.4322406
GDP per capita (current US$),Singapore,11861.75616,61273.99166
GDP per capita (current US$),Sint Maarten (Dutch part),..,29223.06962
GDP per capita (current US$),Slovak Republic,2405.53516,19552.09111
GDP per capita (current US$),Slovenia,..,25558.42905
GDP per capita (current US$),Solomon Islands,662.852836,2222.462119
GDP per capita (current US$),Somalia,131.023239,556.578066
GDP per capita (current US$),South Africa,3160.878161,5753.066494
GDP per capita (current US$),South Sudan,..,..
GDP per capita (current US$),Spain,13804.87679,26984.29628
GDP per capita (current US$),Sri Lanka,466.8976566,3852.389091
GDP per capita (current US$),St. Kitts and Nevis,5346.472568,18553.65714
GDP per capita (current US$),St. Lucia,4073.264627,8951.524766
GDP per capita (current US$),St. Martin (French part),..,..
GDP per capita (current US$),St. Vincent and the Grenadines,2136.839516,8306.360493
GDP per capita (current US$),Sudan,1301.819092,608.3325195
GDP per capita (current US$),Suriname,940.9917724,4796.533314
GDP per capita (current US$),Sweden,30593.67244,52837.90398
GDP per capita (current US$),Switzerland,39574.53981,85897.78433
GDP per capita (current US$),Syrian Arab Republic,1926.384607,537.0902346
GDP per capita (current US$),Tajikistan,485.3198618,852.3302296
GDP per capita (current US$),Tanzania,167.1445465,1104.164429
GDP per capita (current US$),Thailand,1545.276982,7001.78546
GDP per capita (current US$),Timor-Leste,..,1663.559629
GDP per capita (current US$),Togo,420.1367014,886.6995115
GDP per capita (current US$),Tonga,1150.281297,4605.970841
GDP per capita (current US$),Trinidad and Tobago,4001.522284,13705.90023
GDP per capita (current US$),Tunisia,1456.224489,3497.719027
GDP per capita (current US$),Turkiye,2773.269759,8638.739133
GDP per capita (current US$),Turkmenistan,806.3913503,7330.366288
GDP per capita (current US$),Turks and Caicos Islands,..,20882.26127
GDP per capita (current US$),Tuvalu,961.0916948,4674.911403
GDP per capita (current US$),Uganda,244.7540723,846.8811992
GDP per capita (current US$),Ukraine,1532.504639,3751.737305
GDP per capita (current US$),United Arab Emirates,26682.84981,37629.17417
GDP per capita (current US$),United Kingdom,19095.467,40217.00901
GDP per capita (current US$),United States,23888.60001,63528.6343
GDP per capita (current US$),Uruguay,2983.244161,15650.4993
GDP per capita (current US$),Uzbekistan,651.4192097,1759.307471
GDP per capita (current US$),Vanuatu,1119.280015,2917.756849
GDP per capita (current US$),"Venezuela, RB",2461.039355,..
GDP per capita (current US$),Viet Nam,96.71929574,3586.347176
GDP per capita (current US$),Virgin Islands (U.S.),..,39411.04525
GDP per capita (current US$),West Bank and Gaza,..,3233.568638
GDP per capita (current US$),"Yemen, Rep.",945.3239017,578.5120102
GDP per capita (current US$),Zambia,427.4064535,956.831729
GDP per capita (current US$),Zimbabwe,868.4901749,1372.696674
Forest area (% of land area),Afghanistan,1.852781994,1.852781994
Forest area (% of land area),Albania,28.78832117,28.7919708
Forest area (% of land area),Algeria,0.69990847,0.81830896
Forest area (% of land area),American Samoa,90.35,85.65
Forest area (% of land area),Andorra,34.04255319,34.04255319
Forest area (% of land area),Angola,63.57807011,53.42695115
Forest area (% of land area),Antigua and Barbuda,22.97727273,18.45454545
Forest area (% of land area),Argentina,12.86371493,10.44071488
Forest area (% of land area),Armenia,..,11.5374078
Forest area (% of land area),Aruba,2.333333333,2.333333333
Forest area (% of land area),Australia,17.42735899,17.42131456
Forest area (% of land area),Austria,45.75460494,47.25096946
Forest area (% of land area),Azerbaijan,..,13.69418968
Forest area (% of land area),"Bahamas, The",50.93506494,50.93506494
Forest area (% of land area),Bahrain,0.31884058,0.891719745
Forest area (% of land area),Bangladesh,14.75247753,14.46877161
Forest area (% of land area),Barbados,14.65116279,14.65116279
Forest area (% of land area),Belarus,..,43.19440339
Forest area (% of land area),Belgium,..,22.76420079
Forest area (% of land area),Belize,70.1459886,55.98640947
Forest area (% of land area),Benin,42.88001064,27.80374246
Forest area (% of land area),Bermuda,18.51851852,18.51851852
Forest area (% of land area),Bhutan,53.65066455,71.44939696
Forest area (% of land area),Bolivia,53.35984492,46.92491461
Forest area (% of land area),Bosnia and Herzegovina,..,42.73261719
Forest area (% of land area),Botswana,33.17929173,26.91705045
Forest area (% of land area),Brazil,70.45802056,59.41747805
Forest area (% of land area),British Virgin Islands,24.73333333,24.13333333
Forest area (% of land area),Brunei Darussalam,78.36812144,72.10626186
Forest area (% of land area),Bulgaria,30.07321703,35.86035372
Forest area (% of land area),Burkina Faso,28.20394737,22.72076023
Forest area (% of land area),Burundi,10.76635514,10.8894081
Forest area (% of land area),Cabo Verde,3.816377171,11.34491315
Forest area (% of land area),Cambodia,62.34302062,45.7079651
Forest area (% of land area),Cameroon,47.597893,43.02951069
Forest area (% of land area),Canada,38.84551156,38.69551251
Forest area (% of land area),Cayman Islands,54.70833333,53
Forest area (% of land area),Central African Republic,37.24517641,35.80050724
Forest area (% of land area),Chad,5.344663278,3.425190597
Forest area (% of land area),Channel Islands,4.191919192,5.151515152
Forest area (% of land area),Chile,20.50490093,24.49215367
Forest area (% of land area),China,16.73800655,23.4313229
Forest area (% of land area),Colombia,58.54721947,53.30501127
Forest area (% of land area),Comoros,24.75013434,17.68941429
Forest area (% of land area),"Congo, Dem. Rep.",66.44273395,55.64731259
Forest area (% of land area),"Congo, Rep.",65.34407028,64.26354319
Forest area (% of land area),Costa Rica,56.9408539,59.43732863
Forest area (% of land area),Cote d'Ivoire,24.68823899,8.920471698
Forest area (% of land area),Croatia,..,34.65171551
Forest area (% of land area),Cuba,19.16201117,31.23314066
Forest area (% of land area),Curacao,..,0.157657658
Forest area (% of land area),Cyprus,17.43614719,18.67207792
Forest area (% of land area),Czechia,..,34.67799193
Forest area (% of land area),Denmark,13.286,15.711
Forest area (% of land area),Djibouti,0.241587575,0.250215703
Forest area (% of land area),Dominica,67.08,63.82666667
Forest area (% of land area),Dominican Republic,33.01366177,45.10950748
Forest area (% of land area),Ecuador,52.85439243,50.32142857
Forest area (% of land area),"Egypt, Arab Rep.",0.044010247,0.045185594
Forest area (% of land area),El Salvador,34.69498069,28.17953668
Forest area (% of land area),Equatorial Guinea,96.22638146,87.28770053
Forest area (% of land area),Eritrea,..,8.71821524
Forest area (% of land area),Estonia,..,57.03859649
Forest area (% of land area),Eswatini,26.81046512,28.92790698
Forest area (% of land area),Ethiopia,18.5363851,15.12398953
Forest area (% of land area),Faroe Islands,0.05730659,0.058565154
Forest area (% of land area),Fiji,51.43349754,62.39846743
Forest area (% of land area),Finland,71.81893693,73.72836744
Forest area (% of land area),France,26.36394517,31.50904837
Forest area (% of land area),French Polynesia,39.46174863,43.05963699
Forest area (% of land area),Gabon,92.21725463,91.32068149
Forest area (% of land area),"Gambia, The",40.9743083,23.97924901
Forest area (% of land area),Georgia,..,40.61591596
Forest area (% of land area),Germany,32.36616733,32.68267552
Forest area (% of land area),Ghana,43.61545223,35.09693099
Forest area (% of land area),Gibraltar,0,0
Forest area (% of land area),Greece,25.59,30.26997673
Forest area (% of land area),Greenland,0.00064384,0.000535997
Forest area (% of land area),Grenada,52.05882353,52.05882353
Forest area (% of land area),Guam,44.44444444,51.85185185
Forest area (% of land area),Guatemala,44.61739455,32.92086599
Forest area (% of land area),Guinea,29.61093928,25.18720495
Forest area (% of land area),Guinea-Bissau,79.42140825,70.4128734
Forest area (% of land area),Guyana,94.499111,93.5501143
Forest area (% of land area),Haiti,13.89404935,12.60159652
Forest area (% of land area),Honduras,62.45222987,56.83492716
Forest area (% of land area),"Hong Kong SAR, China",..,..
Forest area (% of land area),Hungary,20.18359853,22.49627438
Forest area (% of land area),Iceland,0.170274314,0.509273034
Forest area (% of land area),India,21.50484833,24.27022827
Forest area (% of land area),Indonesia,65.43771425,49.07178037
Forest area (% of land area),"Iran, Islamic Rep.",5.572374076,6.626730354
Forest area (% of land area),Iraq,1.838260512,1.900361184
Forest area (% of land area),Ireland,6.701117724,11.35172013
Forest area (% of land area),Isle of Man,6.070175439,6.070175439
Forest area (% of land area),Israel,6.099815157,6.469500924
Forest area (% of land area),Italy,25.80582095,32.34893496
Forest area (% of land area),Jamaica,48.13296399,55.11449677
Forest area (% of land area),Japan,68.43115743,68.40877915
Forest area (% of land area),Jordan,1.10494107,1.098047165
Forest area (% of land area),Kazakhstan,..,1.279653295
Forest area (% of land area),Kenya,6.779597287,6.344818498
Forest area (% of land area),Kiribati,1.456790123,1.456790123
Forest area (% of land area),"Korea, Dem. People's Rep.",57.40411926,50.07964455
Forest area (% of land area),"Korea, Rep.",67.91416131,64.41598361
Forest area (% of land area),Kosovo,..,..
Forest area (% of land area),Kuwait,0.193602694,0.350729517
Forest area (% of land area),Kyrgyz Republic,..,6.858081335
Forest area (% of land area),Lao PDR,77.30935875,71.9042461
Forest area (% of land area),Latvia,..,54.80941668
Forest area (% of land area),Lebanon,13.65591398,14.01075269
Forest area (% of land area),Lesotho,1.137022398,1.137022398
Forest area (% of land area),Liberia,88.5095515,79.08471761
Forest area (% of land area),Libya,0.123327688,0.123327688
Forest area (% of land area),Liechtenstein,40.625,41.875
Forest area (% of land area),Lithuania,..,35.14851485
Forest area (% of land area),Luxembourg,..,34.45382721
Forest area (% of land area),"Macao SAR, China",..,..
Forest area (% of land area),Madagascar,23.54687554,21.36440358
Forest area (% of land area),Malawi,37.14149342,23.77704709
Forest area (% of land area),Malaysia,62.75604931,58.17695937
Forest area (% of land area),Maldives,2.733333333,2.733333333
Forest area (% of land area),Mali,10.89666363,10.89666363
Forest area (% of land area),Malta,1.09375,1.4375
Forest area (% of land area),Marshall Islands,..,52.22222222
Forest area (% of land area),Mauritania,0.461860871,0.30348307
Forest area (% of land area),Mauritius,20.23152709,19.41412118
Forest area (% of land area),Mexico,36.31351115,33.79309139
Forest area (% of land area),"Micronesia, Fed. Sts.",..,92.02857143
Forest area (% of land area),Moldova,..,11.75322187
Forest area (% of land area),Monaco,0,0
Forest area (% of land area),Mongolia,9.274680548,9.099658488
Forest area (% of land area),Montenegro,..,61.48698885
Forest area (% of land area),Morocco,12.29058929,12.86688326
Forest area (% of land area),Mozambique,55.16162669,46.72519647
Forest area (% of land area),Myanmar,60.00930318,43.73403098
Forest area (% of land area),Namibia,10.65137436,8.06386571
Forest area (% of land area),Nauru,0,0
Forest area (% of land area),Nepal,39.66433566,41.59072201
Forest area (% of land area),Netherlands,10.22896919,10.97416097
Forest area (% of land area),New Caledonia,45.4666302,45.84354486
Forest area (% of land area),New Zealand,35.59405264,37.57012647
Forest area (% of land area),Nicaragua,53.1769985,28.31585508
Forest area (% of land area),Niger,1.535485908,0.852372306
Forest area (% of land area),Nigeria,29.1249053,23.74578653
Forest area (% of land area),North Macedonia,..,39.71015067
Forest area (% of land area),Northern Mariana Islands,..,52.95652174
Forest area (% of land area),Norway,33.21615139,33.43535968
Forest area (% of land area),Oman,0.009693053,0.008077544
Forest area (% of land area),Pakistan,6.468957555,4.833307389
Forest area (% of land area),Palau,..,90.02173913
Forest area (% of land area),Panama,61.97740113,56.80560798
Forest area (% of land area),Papua New Guinea,80.37733516,79.17625756
Forest area (% of land area),Paraguay,64.298666,40.52922225
Forest area (% of land area),Peru,59.72542188,56.50810156
Forest area (% of land area),Philippines,26.08850656,24.10903176
Forest area (% of land area),Poland,28.9986614,30.9770359
Forest area (% of land area),Portugal,37.14754098,36.15499489
Forest area (% of land area),Puerto Rico,36.11386697,55.95603157
Forest area (% of land area),Qatar,0,0
Forest area (% of land area),Romania,27.77850447,30.11582928
Forest area (% of land area),Russian Federation,..,49.78433608
Forest area (% of land area),Rwanda,12.84961492,11.18767734
Forest area (% of land area),Samoa,62.23674912,58.15467626
Forest area (% of land area),San Marino,16.66666667,16.66666667
Forest area (% of land area),Sao Tome and Principe,61.0625,54.0625
Forest area (% of land area),Saudi Arabia,0.454484135,0.454484135
Forest area (% of land area),Senegal,48.32057342,41.90598868
Forest area (% of land area),Serbia,..,32.37780949
Forest area (% of land area),Seychelles,73.26086957,73.26086957
Forest area (% of land area),Sierra Leone,43.31809365,35.11886949
Forest area (% of land area),Singapore,22.12970149,21.68523677
Forest area (% of land area),Sint Maarten (Dutch part),..,10.88235294
Forest area (% of land area),Slovak Republic,..,40.05615641
Forest area (% of land area),Slovenia,..,61.47225919
Forest area (% of land area),Solomon Islands,90.92211504,90.13826367
Forest area (% of land area),Somalia,13.20256958,9.532311028
Forest area (% of land area),South Africa,14.95527125,14.05509072
Forest area (% of land area),South Sudan,..,11.32562151
Forest area (% of land area),Spain,27.84050136,37.17730549
Forest area (% of land area),Sri Lanka,37.47934939,34.15809893
Forest area (% of land area),St. Kitts and Nevis,42.30769231,42.30769231
Forest area (% of land area),St. Lucia,34.86885246,34.04918033
Forest area (% of land area),St. Martin (French part),..,24.8
Forest area (% of land area),St. Vincent and the Grenadines,70.61538462,73.17948718
Forest area (% of land area),Sudan,12.93236953,9.828452891
Forest area (% of land area),Suriname,98.57455128,97.41211538
Forest area (% of land area),Sweden,68.89335854,68.69907031
Forest area (% of land area),Switzerland,29.18090822,32.12153594
Forest area (% of land area),Syrian Arab Republic,2.024594624,2.843108425
Forest area (% of land area),Tajikistan,..,3.053534116
Forest area (% of land area),Tanzania,64.78890269,51.64258298
Forest area (% of land area),Thailand,37.8966118,38.89878447
Forest area (% of land area),Timor-Leste,64.76798924,61.94351042
Forest area (% of land area),Togo,25.03511675,22.23331495
Forest area (% of land area),Tonga,12.43055556,12.43055556
Forest area (% of land area),Trinidad and Tobago,47.18518519,44.48148148
Forest area (% of land area),Tunisia,4.145062436,4.523236354
Forest area (% of land area),Turkiye,25.70518301,28.8714837
Forest area (% of land area),Turkmenistan,..,8.782159045
Forest area (% of land area),Turks and Caicos Islands,11.07368421,11.07368421
Forest area (% of land area),Tuvalu,33.33333333,33.33333333
Forest area (% of land area),Uganda,17.89434963,11.65918612
Forest area (% of land area),Ukraine,..,16.72419745
Forest area (% of land area),United Arab Emirates,3.44973247,4.467755562
Forest area (% of land area),United Kingdom,11.48266027,13.18563221
Forest area (% of land area),United States,33.02230821,33.86692641
Forest area (% of land area),Uruguay,4.559478917,11.60438807
Forest area (% of land area),Uzbekistan,..,8.373221378
Forest area (% of land area),Vanuatu,36.28383921,36.28383921
Forest area (% of land area),"Venezuela, RB",58.98305085,52.41301514
Forest area (% of land area),Viet Nam,28.80567759,46.71900175
Forest area (% of land area),Virgin Islands (U.S.),70.11428571,56.88571429
Forest area (% of land area),West Bank and Gaza,1.508305648,1.684385382
Forest area (% of land area),"Yemen, Rep.",1.039831809,1.039831809
Forest area (% of land area),Zambia,63.77809763,60.28333714
Forest area (% of land area),Zimbabwe,48.66661497,45.09391237
